Item,Provinsi,Tahun,Produksi,Curah hujan,Kelembapan,Suhu rata-rata,Luas Panen
Jagung,Aceh,1993,38924.00,1627.00,82.00,26.06,17941.00
Jagung,Aceh,1994,28578.00,1521.00,82.12,26.92,13105.00
Jagung,Aceh,1995,44921.00,1476.00,82.72,26.27,20639.00
Jagung,Aceh,1996,45566.00,1557.00,83.00,26.08,19677.00
Jagung,Aceh,1997,58679.00,1339.00,82.46,26.31,25312.00
Jagung,Aceh,1998,65660.00,1465.00,82.60,26.84,29000.00
Jagung,Aceh,1999,74449.00,1778.00,82.79,26.14,30545.00
Jagung,Aceh,2000,36642.00,1974.70,90.60,27.10,15576.00
Jagung,Aceh,2001,51232.00,1688.70,69.48,28.90,20605.00
Jagung,Aceh,2002,60105.00,1296.80,68.75,29.20,23874.00
Jagung,Aceh,2003,67386.00,1507.20,70.66,29.40,25188.00
Jagung,Aceh,2004,77747.00,1097.00,80.84,29.40,25748.00
Jagung,Aceh,2005,94426.00,710.50,79.50,26.80,29517.00
Jagung,Aceh,2006,96838.00,506.50,80.80,26.73,29583.00
Jagung,Aceh,2007,125155.00,1414.00,81.50,26.38,36774.00
Jagung,Aceh,2008,112894.00,1270.40,78.50,27.00,34164.00
Jagung,Aceh,2009,137753.00,1577.00,78.70,26.90,39731.00
Jagung,Aceh,2010,167090.00,1986.00,81.40,27.10,43885.00
Jagung,Aceh,2011,168861.00,1268.00,79.40,27.10,41853.00
Jagung,Aceh,2012,167285.00,1098.00,79.60,26.90,43675.00
Jagung,Aceh,2013,177842.00,1623.60,80.70,27.00,44099.00
Jagung,Aceh,2014,202318.00,2264.40,78.30,27.10,47357.00
Jagung,Aceh,2015,205125.00,1575.00,80.00,27.10,47967.00
Jagung,Aceh,2016,316645.00,1096.00,83.32,27.12,35810.00
Jagung,Aceh,2017,387470.00,1905.90,85.57,26.51,45772.00
Ubi Kayu,Aceh,1993,73122.00,1627.00,82.00,26.06,5904.00
Ubi Kayu,Aceh,1994,70288.00,1521.00,82.12,26.92,5654.00
Ubi Kayu,Aceh,1995,69571.00,1476.00,82.72,26.27,5690.00
Ubi Kayu,Aceh,1996,59782.00,1557.00,83.00,26.08,4795.00
Ubi Kayu,Aceh,1997,81427.00,1339.00,82.46,26.31,6532.00
Ubi Kayu,Aceh,1998,66543.00,1465.00,82.60,26.84,5477.00
Ubi Kayu,Aceh,1999,67670.00,1778.00,82.79,26.14,5503.00
Ubi Kayu,Aceh,2000,65208.00,1974.70,90.60,27.10,5293.00
Ubi Kayu,Aceh,2001,44387.00,1688.70,69.48,28.90,3605.00
Ubi Kayu,Aceh,2002,52126.00,1296.80,68.75,29.20,4269.00
Ubi Kayu,Aceh,2003,75286.00,1507.20,70.66,29.40,6098.00
Ubi Kayu,Aceh,2004,63867.00,1097.00,80.84,29.40,5180.00
Ubi Kayu,Aceh,2005,53424.00,710.50,79.50,26.80,4316.00
Ubi Kayu,Aceh,2006,46504.00,506.50,80.80,26.73,3754.00
Ubi Kayu,Aceh,2007,41558.00,1414.00,81.50,26.38,3351.00
Ubi Kayu,Aceh,2008,38403.00,1270.40,78.50,27.00,3093.00
Ubi Kayu,Aceh,2009,49839.00,1577.00,78.70,26.90,3910.00
Ubi Kayu,Aceh,2010,43810.00,1986.00,81.40,27.10,3084.00
Ubi Kayu,Aceh,2011,39384.00,1268.00,79.40,27.10,3085.00
Ubi Kayu,Aceh,2012,38257.00,1098.00,79.60,26.90,2974.00
Ubi Kayu,Aceh,2013,34738.00,1623.60,80.70,27.00,2725.00
Ubi Kayu,Aceh,2014,31621.00,2264.40,78.30,27.10,2432.00
Ubi Kayu,Aceh,2015,29131.00,1575.00,80.00,27.10,2226.00
Ubi Kayu,Aceh,2016,24531.00,1096.00,83.32,27.12,1898.00
Ubi Kayu,Aceh,2017,23738.00,1905.90,85.57,26.51,1452.00
Ubi Jalar,Aceh,1993,27808.00,1627.00,82.00,26.06,3040.00
Ubi Jalar,Aceh,1994,32918.00,1521.00,82.12,26.92,3215.00
Ubi Jalar,Aceh,1995,32195.00,1476.00,82.72,26.27,3633.00
Ubi Jalar,Aceh,1996,26784.00,1557.00,83.00,26.08,2834.00
Ubi Jalar,Aceh,1997,31345.00,1339.00,82.46,26.31,5288.00
Ubi Jalar,Aceh,1998,26401.00,1465.00,82.60,26.84,2750.00
Ubi Jalar,Aceh,1999,33697.00,1778.00,82.79,26.14,3459.00
Ubi Jalar,Aceh,2000,24594.00,1974.70,90.60,27.10,2545.00
Ubi Jalar,Aceh,2001,16695.00,1688.70,69.48,28.90,1725.00
Ubi Jalar,Aceh,2002,17285.00,1296.80,68.75,29.20,1776.00
Ubi Jalar,Aceh,2003,23568.00,1507.20,70.66,29.40,2394.00
Ubi Jalar,Aceh,2004,22938.00,1097.00,80.84,29.40,2338.00
Ubi Jalar,Aceh,2005,22985.00,710.50,79.50,26.80,2330.00
Ubi Jalar,Aceh,2006,16238.00,506.50,80.80,26.73,1661.00
Ubi Jalar,Aceh,2007,15187.00,1414.00,81.50,26.38,1542.00
Ubi Jalar,Aceh,2008,13172.00,1270.40,78.50,27.00,1325.00
Ubi Jalar,Aceh,2009,15298.00,1577.00,78.70,26.90,1519.00
Ubi Jalar,Aceh,2010,11095.00,1986.00,81.40,27.10,1101.00
Ubi Jalar,Aceh,2011,11844.00,1268.00,79.40,27.10,1137.00
Ubi Jalar,Aceh,2012,13356.00,1098.00,79.60,26.90,1264.00
Ubi Jalar,Aceh,2013,11602.00,1623.60,80.70,27.00,1094.00
Ubi Jalar,Aceh,2014,9696.00,2264.40,78.30,27.10,903.00
Ubi Jalar,Aceh,2015,8935.00,1575.00,80.00,27.10,793.00
Ubi Jalar,Aceh,2016,5839.00,1096.00,83.32,27.12,527.00
Ubi Jalar,Aceh,2017,6860.00,1905.90,85.57,26.51,613.00
Kacang Tanah,Aceh,1993,19056.00,1627.00,82.00,26.06,16756.00
Kacang Tanah,Aceh,1994,23380.00,1521.00,82.12,26.92,18939.00
Kacang Tanah,Aceh,1995,32517.00,1476.00,82.72,26.27,30601.00
Kacang Tanah,Aceh,1996,22639.00,1557.00,83.00,26.08,19704.00
Kacang Tanah,Aceh,1997,20288.00,1339.00,82.46,26.31,16936.00
Kacang Tanah,Aceh,1998,9513.00,1465.00,82.60,26.84,8091.00
Kacang Tanah,Aceh,1999,11124.00,1778.00,82.79,26.14,9131.00
Kacang Tanah,Aceh,2000,9179.00,1974.70,90.60,27.10,7453.00
Kacang Tanah,Aceh,2001,5047.00,1688.70,69.48,28.90,4355.00
Kacang Tanah,Aceh,2002,7377.00,1296.80,68.75,29.20,6190.00
Kacang Tanah,Aceh,2003,16887.00,1507.20,70.66,29.40,14239.00
Kacang Tanah,Aceh,2004,14687.00,1097.00,80.84,29.40,12363.00
Kacang Tanah,Aceh,2005,15597.00,710.50,79.50,26.80,12984.00
Kacang Tanah,Aceh,2006,11091.00,506.50,80.80,26.73,9249.00
Kacang Tanah,Aceh,2007,7972.00,1414.00,81.50,26.38,6582.00
Kacang Tanah,Aceh,2008,6322.00,1270.40,78.50,27.00,5214.00
Kacang Tanah,Aceh,2009,5926.00,1577.00,78.70,26.90,4707.00
Kacang Tanah,Aceh,2010,7063.00,1986.00,81.40,27.10,5579.00
Kacang Tanah,Aceh,2011,6172.00,1268.00,79.40,27.10,4999.00
Kacang Tanah,Aceh,2012,6934.00,1098.00,79.60,26.90,5681.00
Kacang Tanah,Aceh,2013,3861.00,1623.60,80.70,27.00,3118.00
Kacang Tanah,Aceh,2014,3080.00,2264.40,78.30,27.10,2502.00
Kacang Tanah,Aceh,2015,2527.00,1575.00,80.00,27.10,2019.00
Kacang Tanah,Aceh,2016,2340.00,1096.00,83.32,27.12,1823.00
Kacang Tanah,Aceh,2017,2393.00,1905.90,85.57,26.51,1864.00
Kedelai,Aceh,1993,190220.00,1627.00,82.00,26.06,171093.00
Kedelai,Aceh,1994,182205.00,1521.00,82.12,26.92,160421.00
Kedelai,Aceh,1995,144935.00,1476.00,82.72,26.27,116604.00
Kedelai,Aceh,1996,100004.00,1557.00,83.00,26.08,79057.00
Kedelai,Aceh,1997,90517.00,1339.00,82.46,26.31,71252.00
Kedelai,Aceh,1998,92915.00,1465.00,82.60,26.84,75804.00
Kedelai,Aceh,1999,106480.00,1778.00,82.79,26.14,85846.00
Kedelai,Aceh,2000,71576.00,1974.70,90.60,27.10,58906.00
Kedelai,Aceh,2001,63127.00,1688.70,69.48,28.90,51022.00
Kedelai,Aceh,2002,21522.00,1296.80,68.75,29.20,17208.00
Kedelai,Aceh,2003,18697.00,1507.20,70.66,29.40,14519.00
Kedelai,Aceh,2004,31170.00,1097.00,80.84,29.40,24325.00
Kedelai,Aceh,2005,31067.00,710.50,79.50,26.80,24189.00
Kedelai,Aceh,2006,25495.00,506.50,80.80,26.73,19638.00
Kedelai,Aceh,2007,19025.00,1414.00,81.50,26.38,14743.00
Kedelai,Aceh,2008,43885.00,1270.40,78.50,27.00,32898.00
Kedelai,Aceh,2009,63538.00,1577.00,78.70,26.90,45110.00
Kedelai,Aceh,2010,53347.00,1986.00,81.40,27.10,37469.00
Kedelai,Aceh,2011,50006.00,1268.00,79.40,27.10,35370.00
Kedelai,Aceh,2012,51439.00,1098.00,79.60,26.90,35599.00
Kedelai,Aceh,2013,45027.00,1623.60,80.70,27.00,30579.00
Kedelai,Aceh,2014,63352.00,2264.40,78.30,27.10,42784.00
Kedelai,Aceh,2015,47910.00,1575.00,80.00,27.10,32796.00
Kedelai,Aceh,2016,22184.00,1096.00,83.32,27.12,14559.00
Kedelai,Aceh,2017,6932.00,1905.90,85.57,26.51,4437.00
Jagung,Sumatera Utara,1993,271298.00,2549.40,83.80,26.45,122039.00
Jagung,Sumatera Utara,1994,311918.00,2166.50,83.79,26.40,140941.00
Jagung,Sumatera Utara,1995,371578.00,2917.10,81.68,26.58,165230.00
Jagung,Sumatera Utara,1996,398707.00,2326.50,81.31,26.33,174000.00
Jagung,Sumatera Utara,1997,459715.00,1865.00,81.81,26.40,198246.00
Jagung,Sumatera Utara,1998,509809.00,2496.90,83.53,27.16,183332.00
Jagung,Sumatera Utara,1999,619667.00,3087.30,84.56,26.45,199355.00
Jagung,Sumatera Utara,2000,666764.00,1289.50,82.94,27.70,221906.00
Jagung,Sumatera Utara,2001,634162.00,3595.30,72.78,28.03,198709.00
Jagung,Sumatera Utara,2002,640593.00,1944.90,72.31,28.45,198670.00
Jagung,Sumatera Utara,2003,687360.00,3140.20,72.08,29.59,210782.00
Jagung,Sumatera Utara,2004,712560.00,2406.90,80.79,29.27,214885.00
Jagung,Sumatera Utara,2005,735456.00,776.70,83.80,27.00,218569.00
Jagung,Sumatera Utara,2006,682024.00,222.50,81.00,27.80,200146.00
Jagung,Sumatera Utara,2007,80485.00,2513.00,82.00,27.00,229882.00
Jagung,Sumatera Utara,2008,1098969.00,2442.00,81.40,26.90,240413.00
Jagung,Sumatera Utara,2009,1166548.00,2184.00,86.00,27.10,247782.00
Jagung,Sumatera Utara,2010,1377718.00,1903.30,78.55,27.18,274822.00
Jagung,Sumatera Utara,2011,1294645.00,2042.00,79.00,27.20,255291.00
Jagung,Sumatera Utara,2012,1347124.00,3175.00,76.00,27.30,243098.00
Jagung,Sumatera Utara,2013,1183011.00,2627.00,78.67,28.80,211750.00
Jagung,Sumatera Utara,2014,1159795.00,2148.00,79.00,27.90,200603.00
Jagung,Sumatera Utara,2015,1519407.00,975.90,86.90,27.40,243770.00
Jagung,Sumatera Utara,2016,1557463.00,2384.00,82.00,27.65,135110.00
Jagung,Sumatera Utara,2017,1741258.00,3190.00,84.00,27.50,153649.00
Ubi Kayu,Sumatera Utara,1993,350446.00,2549.40,83.80,26.45,29325.00
Ubi Kayu,Sumatera Utara,1994,454693.00,2166.50,83.79,26.40,37919.00
Ubi Kayu,Sumatera Utara,1995,373350.00,2917.10,81.68,26.58,31395.00
Ubi Kayu,Sumatera Utara,1996,421460.00,2326.50,81.31,26.33,35246.00
Ubi Kayu,Sumatera Utara,1997,449026.00,1865.00,81.81,26.40,37436.00
Ubi Kayu,Sumatera Utara,1998,488149.00,2496.90,83.53,27.16,40917.00
Ubi Kayu,Sumatera Utara,1999,490601.00,3087.30,84.56,26.45,41235.00
Ubi Kayu,Sumatera Utara,2000,480128.00,1289.50,82.94,27.70,40315.00
Ubi Kayu,Sumatera Utara,2001,507519.00,3595.30,72.78,28.03,41233.00
Ubi Kayu,Sumatera Utara,2002,441819.00,1944.90,72.31,28.45,36119.00
Ubi Kayu,Sumatera Utara,2003,411990.00,3140.20,72.08,29.59,33452.00
Ubi Kayu,Sumatera Utara,2004,464960.00,2406.90,80.79,29.27,37313.00
Ubi Kayu,Sumatera Utara,2005,509796.00,776.70,83.80,27.00,40717.00
Ubi Kayu,Sumatera Utara,2006,452450.00,222.50,81.00,27.80,35996.00
Ubi Kayu,Sumatera Utara,2007,438573.00,2513.00,82.00,27.00,34812.00
Ubi Kayu,Sumatera Utara,2008,736771.00,2442.00,81.40,26.90,37941.00
Ubi Kayu,Sumatera Utara,2009,1007284.00,2184.00,86.00,27.10,38611.00
Ubi Kayu,Sumatera Utara,2010,905571.00,1903.30,78.55,27.18,32402.00
Ubi Kayu,Sumatera Utara,2011,1091711.00,2042.00,79.00,27.20,37929.00
Ubi Kayu,Sumatera Utara,2012,1171520.00,3175.00,76.00,27.30,38749.00
Ubi Kayu,Sumatera Utara,2013,1518221.00,2627.00,78.67,28.80,47141.00
Ubi Kayu,Sumatera Utara,2014,1383346.00,2148.00,79.00,27.90,42062.00
Ubi Kayu,Sumatera Utara,2015,1619495.00,975.90,86.90,27.40,47837.00
Ubi Kayu,Sumatera Utara,2016,1228138.00,2384.00,82.00,27.65,34852.00
Ubi Kayu,Sumatera Utara,2017,980879.00,3190.00,84.00,27.50,29031.00
Ubi Jalar,Sumatera Utara,1993,146465.00,2549.40,83.80,26.45,16486.00
Ubi Jalar,Sumatera Utara,1994,139462.00,2166.50,83.79,26.40,15682.00
Ubi Jalar,Sumatera Utara,1995,117336.00,2917.10,81.68,26.58,13323.00
Ubi Jalar,Sumatera Utara,1996,118348.00,2326.50,81.31,26.33,13438.00
Ubi Jalar,Sumatera Utara,1997,111156.00,1865.00,81.81,26.40,12568.00
Ubi Jalar,Sumatera Utara,1998,106618.00,2496.90,83.53,27.16,12015.00
Ubi Jalar,Sumatera Utara,1999,134642.00,3087.30,84.56,26.45,14304.00
Ubi Jalar,Sumatera Utara,2000,126961.00,1289.50,82.94,27.70,13631.00
Ubi Jalar,Sumatera Utara,2001,118183.00,3595.30,72.78,28.03,12464.00
Ubi Jalar,Sumatera Utara,2002,118170.00,1944.90,72.31,28.45,12405.00
Ubi Jalar,Sumatera Utara,2003,135661.00,3140.20,72.08,29.59,14280.00
Ubi Jalar,Sumatera Utara,2004,117295.00,2406.90,80.79,29.27,12227.00
Ubi Jalar,Sumatera Utara,2005,115728.00,776.70,83.80,27.00,12014.00
Ubi Jalar,Sumatera Utara,2006,102712.00,222.50,81.00,27.80,10630.00
Ubi Jalar,Sumatera Utara,2007,117641.00,2513.00,82.00,27.00,12129.00
Ubi Jalar,Sumatera Utara,2008,114186.00,2442.00,81.40,26.90,10316.00
Ubi Jalar,Sumatera Utara,2009,140138.00,2184.00,86.00,27.10,12359.00
Ubi Jalar,Sumatera Utara,2010,179388.00,1903.30,78.55,27.18,14874.00
Ubi Jalar,Sumatera Utara,2011,191104.00,2042.00,79.00,27.20,15466.00
Ubi Jalar,Sumatera Utara,2012,186583.00,3175.00,76.00,27.30,14595.00
Ubi Jalar,Sumatera Utara,2013,116671.00,2627.00,78.67,28.80,9101.00
Ubi Jalar,Sumatera Utara,2014,146622.00,2148.00,79.00,27.90,11130.00
Ubi Jalar,Sumatera Utara,2015,122362.00,975.90,86.90,27.40,8952.00
Ubi Jalar,Sumatera Utara,2016,91531.00,2384.00,82.00,27.65,6379.00
Ubi Jalar,Sumatera Utara,2017,94491.00,3190.00,84.00,27.50,5831.00
Kacang Tanah,Sumatera Utara,1993,24801.00,2549.40,83.80,26.45,24607.00
Kacang Tanah,Sumatera Utara,1994,28134.00,2166.50,83.79,26.40,27556.00
Kacang Tanah,Sumatera Utara,1995,32115.00,2917.10,81.68,26.58,31751.00
Kacang Tanah,Sumatera Utara,1996,30330.00,2326.50,81.31,26.33,29465.00
Kacang Tanah,Sumatera Utara,1997,31188.00,1865.00,81.81,26.40,30191.00
Kacang Tanah,Sumatera Utara,1998,26037.00,2496.90,83.53,27.16,24907.00
Kacang Tanah,Sumatera Utara,1999,21986.00,3087.30,84.56,26.45,22297.00
Kacang Tanah,Sumatera Utara,2000,23901.00,1289.50,82.94,27.70,22799.00
Kacang Tanah,Sumatera Utara,2001,22485.00,3595.30,72.78,28.03,21130.00
Kacang Tanah,Sumatera Utara,2002,23296.00,1944.90,72.31,28.45,21432.00
Kacang Tanah,Sumatera Utara,2003,25097.00,3140.20,72.08,29.59,22962.00
Kacang Tanah,Sumatera Utara,2004,28708.00,2406.90,80.79,29.27,26029.00
Kacang Tanah,Sumatera Utara,2005,21042.00,776.70,83.80,27.00,19195.00
Kacang Tanah,Sumatera Utara,2006,20118.00,222.50,81.00,27.80,17991.00
Kacang Tanah,Sumatera Utara,2007,20329.00,2513.00,82.00,27.00,17694.00
Kacang Tanah,Sumatera Utara,2008,19316.00,2442.00,81.40,26.90,16626.00
Kacang Tanah,Sumatera Utara,2009,16771.00,2184.00,86.00,27.10,14294.00
Kacang Tanah,Sumatera Utara,2010,16449.00,1903.30,78.55,27.18,14520.00
Kacang Tanah,Sumatera Utara,2011,11093.00,2042.00,79.00,27.20,10773.00
Kacang Tanah,Sumatera Utara,2012,12074.00,3175.00,76.00,27.30,10154.00
Kacang Tanah,Sumatera Utara,2013,11351.00,2627.00,78.67,28.80,9377.00
Kacang Tanah,Sumatera Utara,2014,9777.00,2148.00,79.00,27.90,8311.00
Kacang Tanah,Sumatera Utara,2015,8517.00,975.90,86.90,27.40,7342.00
Kacang Tanah,Sumatera Utara,2016,4870.00,2384.00,82.00,27.65,4091.00
Kacang Tanah,Sumatera Utara,2017,4380.00,3190.00,84.00,27.50,3469.00
Kedelai,Sumatera Utara,1993,52786.00,2549.40,83.80,26.45,51384.00
Kedelai,Sumatera Utara,1994,56497.00,2166.50,83.79,26.40,55726.00
Kedelai,Sumatera Utara,1995,49655.00,2917.10,81.68,26.58,48267.00
Kedelai,Sumatera Utara,1996,35660.00,2326.50,81.31,26.33,33391.00
Kedelai,Sumatera Utara,1997,39303.00,1865.00,81.81,26.40,36529.00
Kedelai,Sumatera Utara,1998,44503.00,2496.90,83.53,27.16,42242.00
Kedelai,Sumatera Utara,1999,28817.00,3087.30,84.56,26.45,27171.00
Kedelai,Sumatera Utara,2000,12881.00,1289.50,82.94,27.70,12113.00
Kedelai,Sumatera Utara,2001,10719.00,3595.30,72.78,28.03,10003.00
Kedelai,Sumatera Utara,2002,10197.00,1944.90,72.31,28.45,9705.00
Kedelai,Sumatera Utara,2003,10466.00,3140.20,72.08,29.59,9910.00
Kedelai,Sumatera Utara,2004,12333.00,2406.90,80.79,29.27,11706.00
Kedelai,Sumatera Utara,2005,15793.00,776.70,83.80,27.00,13787.00
Kedelai,Sumatera Utara,2006,7042.00,222.50,81.00,27.80,6311.00
Kedelai,Sumatera Utara,2007,4345.00,2513.00,82.00,27.00,3747.00
Kedelai,Sumatera Utara,2008,11647.00,2442.00,81.40,26.90,9597.00
Kedelai,Sumatera Utara,2009,14206.00,2184.00,86.00,27.10,11494.00
Kedelai,Sumatera Utara,2010,9439.00,1903.30,78.55,27.18,7803.00
Kedelai,Sumatera Utara,2011,11426.00,2042.00,79.00,27.20,11413.00
Kedelai,Sumatera Utara,2012,5419.00,3175.00,76.00,27.30,5475.00
Kedelai,Sumatera Utara,2013,3229.00,2627.00,78.67,28.80,3126.00
Kedelai,Sumatera Utara,2014,5705.00,2148.00,79.00,27.90,5024.00
Kedelai,Sumatera Utara,2015,6549.00,975.90,86.90,27.40,5303.00
Kedelai,Sumatera Utara,2016,5062.00,2384.00,82.00,27.65,3955.00
Kedelai,Sumatera Utara,2017,7778.00,3190.00,84.00,27.50,6007.00
Jagung,Sumatera Barat,1993,27969.00,5110.00,89.77,24.70,12713.00
Jagung,Sumatera Barat,1994,36083.00,4869.50,75.22,24.49,15787.00
Jagung,Sumatera Barat,1995,48115.00,5022.00,87.68,24.82,20626.00
Jagung,Sumatera Barat,1996,53387.00,3866.00,87.29,24.52,23676.00
Jagung,Sumatera Barat,1997,47001.00,2945.10,87.97,24.69,20765.00
Jagung,Sumatera Barat,1998,65701.00,5522.00,87.39,25.04,29129.00
Jagung,Sumatera Barat,1999,60161.00,4327.50,80.89,22.48,26140.00
Jagung,Sumatera Barat,2000,56386.00,3040.60,86.01,25.86,23837.00
Jagung,Sumatera Barat,2001,48820.00,2811.00,71.08,28.17,18389.00
Jagung,Sumatera Barat,2002,67241.00,4241.20,71.28,28.19,25644.00
Jagung,Sumatera Barat,2003,85410.00,4927.20,71.91,29.17,24253.00
Jagung,Sumatera Barat,2004,118170.00,4584.20,78.50,29.02,32546.00
Jagung,Sumatera Barat,2005,157147.00,1533.60,78.00,25.90,39762.00
Jagung,Sumatera Barat,2006,202298.00,776.00,79.00,26.05,4301.00
Jagung,Sumatera Barat,2007,223233.00,4329.00,85.30,25.70,43182.00
Jagung,Sumatera Barat,2008,351843.00,2552.50,86.20,25.40,63219.00
Jagung,Sumatera Barat,2009,404795.00,4691.00,86.20,25.50,70882.00
Jagung,Sumatera Barat,2010,354262.00,5228.00,87.20,25.80,59801.00
Jagung,Sumatera Barat,2011,471849.00,4959.50,54.20,26.00,71116.00
Jagung,Sumatera Barat,2012,495497.00,4339.00,87.00,25.20,75657.00
Jagung,Sumatera Barat,2013,547417.00,4627.90,86.91,25.10,81665.00
Jagung,Sumatera Barat,2014,605352.00,2838.40,85.35,25.70,93097.00
Jagung,Sumatera Barat,2015,602549.00,3548.00,84.00,26.50,87825.00
Jagung,Sumatera Barat,2016,711518.00,4205.20,76.49,23.26,52660.00
Jagung,Sumatera Barat,2017,985847.00,4553.00,75.11,22.19,74714.00
Ubi Kayu,Sumatera Barat,1993,101471.00,5110.00,89.77,24.70,8256.00
Ubi Kayu,Sumatera Barat,1994,96118.00,4869.50,75.22,24.49,7976.00
Ubi Kayu,Sumatera Barat,1995,84796.00,5022.00,87.68,24.82,6937.00
Ubi Kayu,Sumatera Barat,1996,100714.00,3866.00,87.29,24.52,8109.00
Ubi Kayu,Sumatera Barat,1997,94681.00,2945.10,87.97,24.69,7748.00
Ubi Kayu,Sumatera Barat,1998,92084.00,5522.00,87.39,25.04,7538.00
Ubi Kayu,Sumatera Barat,1999,108111.00,4327.50,80.89,22.48,8835.00
Ubi Kayu,Sumatera Barat,2000,94769.00,3040.60,86.01,25.86,7759.00
Ubi Kayu,Sumatera Barat,2001,82207.00,2811.00,71.08,28.17,6695.00
Ubi Kayu,Sumatera Barat,2002,100657.00,4241.20,71.28,28.19,8051.00
Ubi Kayu,Sumatera Barat,2003,122689.00,4927.20,71.91,29.17,10025.00
Ubi Kayu,Sumatera Barat,2004,117437.00,4584.20,78.50,29.02,8312.00
Ubi Kayu,Sumatera Barat,2005,114199.00,1533.60,78.00,25.90,7569.00
Ubi Kayu,Sumatera Barat,2006,133095.00,776.00,79.00,26.05,7800.00
Ubi Kayu,Sumatera Barat,2007,114551.00,4329.00,85.30,25.70,6166.00
Ubi Kayu,Sumatera Barat,2008,102285.00,2552.50,86.20,25.40,5265.00
Ubi Kayu,Sumatera Barat,2009,115492.00,4691.00,86.20,25.50,5020.00
Ubi Kayu,Sumatera Barat,2010,193188.00,5228.00,87.20,25.80,5522.00
Ubi Kayu,Sumatera Barat,2011,191946.00,4959.50,54.20,26.00,5571.00
Ubi Kayu,Sumatera Barat,2012,213647.00,4339.00,87.00,25.20,5502.00
Ubi Kayu,Sumatera Barat,2013,218830.00,4627.90,86.91,25.10,5503.00
Ubi Kayu,Sumatera Barat,2014,217962.00,2838.40,85.35,25.70,5644.00
Ubi Kayu,Sumatera Barat,2015,208386.00,3548.00,84.00,26.50,5318.00
Ubi Kayu,Sumatera Barat,2016,201201.00,4205.20,76.49,23.26,4718.00
Ubi Kayu,Sumatera Barat,2017,209115.00,4553.00,75.11,22.19,4929.00
Ubi Jalar,Sumatera Barat,1993,23220.00,5110.00,89.77,24.70,2376.00
Ubi Jalar,Sumatera Barat,1994,34355.00,4869.50,75.22,24.49,3062.00
Ubi Jalar,Sumatera Barat,1995,33011.00,5022.00,87.68,24.82,3315.00
Ubi Jalar,Sumatera Barat,1996,36003.00,3866.00,87.29,24.52,3377.00
Ubi Jalar,Sumatera Barat,1997,33350.00,2945.10,87.97,24.69,1454.00
Ubi Jalar,Sumatera Barat,1998,36172.00,5522.00,87.39,25.04,3474.00
Ubi Jalar,Sumatera Barat,1999,37864.00,4327.50,80.89,22.48,3776.00
Ubi Jalar,Sumatera Barat,2000,32875.00,3040.60,86.01,25.86,3249.00
Ubi Jalar,Sumatera Barat,2001,30335.00,2811.00,71.08,28.17,2881.00
Ubi Jalar,Sumatera Barat,2002,37558.00,4241.20,71.28,28.19,3342.00
Ubi Jalar,Sumatera Barat,2003,44954.00,4927.20,71.91,29.17,3866.00
Ubi Jalar,Sumatera Barat,2004,55484.00,4584.20,78.50,29.02,4428.00
Ubi Jalar,Sumatera Barat,2005,50392.00,1533.60,78.00,25.90,4266.00
Ubi Jalar,Sumatera Barat,2006,53758.00,776.00,79.00,26.05,4146.00
Ubi Jalar,Sumatera Barat,2007,53793.00,4329.00,85.30,25.70,3769.00
Ubi Jalar,Sumatera Barat,2008,61817.00,2552.50,86.20,25.40,4082.00
Ubi Jalar,Sumatera Barat,2009,77476.00,4691.00,86.20,25.50,4153.00
Ubi Jalar,Sumatera Barat,2010,104302.00,5228.00,87.20,25.80,4380.00
Ubi Jalar,Sumatera Barat,2011,98120.00,4959.50,54.20,26.00,4348.00
Ubi Jalar,Sumatera Barat,2012,124881.00,4339.00,87.00,25.20,4372.00
Ubi Jalar,Sumatera Barat,2013,134453.00,4627.90,86.91,25.10,4530.00
Ubi Jalar,Sumatera Barat,2014,159865.00,2838.40,85.35,25.70,5394.00
Ubi Jalar,Sumatera Barat,2015,160922.00,3548.00,84.00,26.50,5127.00
Ubi Jalar,Sumatera Barat,2016,139944.00,4205.20,76.49,23.26,4604.00
Ubi Jalar,Sumatera Barat,2017,140908.00,4553.00,75.11,22.19,4753.00
Kacang Tanah,Sumatera Barat,1993,6894.00,5110.00,89.77,24.70,7229.00
Kacang Tanah,Sumatera Barat,1994,9523.00,4869.50,75.22,24.49,9649.00
Kacang Tanah,Sumatera Barat,1995,9842.00,5022.00,87.68,24.82,10315.00
Kacang Tanah,Sumatera Barat,1996,10702.00,3866.00,87.29,24.52,10028.00
Kacang Tanah,Sumatera Barat,1997,10021.00,2945.10,87.97,24.69,9331.00
Kacang Tanah,Sumatera Barat,1998,8804.00,5522.00,87.39,25.04,8364.00
Kacang Tanah,Sumatera Barat,1999,9005.00,4327.50,80.89,22.48,8130.00
Kacang Tanah,Sumatera Barat,2000,8583.00,3040.60,86.01,25.86,7807.00
Kacang Tanah,Sumatera Barat,2001,8712.00,2811.00,71.08,28.17,7630.00
Kacang Tanah,Sumatera Barat,2002,8757.00,4241.20,71.28,28.19,7704.00
Kacang Tanah,Sumatera Barat,2003,7821.00,4927.20,71.91,29.17,7017.00
Kacang Tanah,Sumatera Barat,2004,9949.00,4584.20,78.50,29.02,8275.00
Kacang Tanah,Sumatera Barat,2005,10501.00,1533.60,78.00,25.90,8433.00
Kacang Tanah,Sumatera Barat,2006,10116.00,776.00,79.00,26.05,8017.00
Kacang Tanah,Sumatera Barat,2007,9671.00,4329.00,85.30,25.70,7185.00
Kacang Tanah,Sumatera Barat,2008,10260.00,2552.50,86.20,25.40,7797.00
Kacang Tanah,Sumatera Barat,2009,9207.00,4691.00,86.20,25.50,7722.00
Kacang Tanah,Sumatera Barat,2010,9162.00,5228.00,87.20,25.80,7280.00
Kacang Tanah,Sumatera Barat,2011,11908.00,4959.50,54.20,26.00,7891.00
Kacang Tanah,Sumatera Barat,2012,9597.00,4339.00,87.00,25.20,6819.00
Kacang Tanah,Sumatera Barat,2013,9093.00,4627.90,86.91,25.10,5904.00
Kacang Tanah,Sumatera Barat,2014,7410.00,2838.40,85.35,25.70,5442.00
Kacang Tanah,Sumatera Barat,2015,5964.00,3548.00,84.00,26.50,4087.00
Kacang Tanah,Sumatera Barat,2016,5581.00,4205.20,76.49,23.26,3548.00
Kacang Tanah,Sumatera Barat,2017,4310.00,4553.00,75.11,22.19,3231.00
Kedelai,Sumatera Barat,1993,11947.00,5110.00,89.77,24.70,12378.00
Kedelai,Sumatera Barat,1994,12583.00,4869.50,75.22,24.49,13159.00
Kedelai,Sumatera Barat,1995,13408.00,5022.00,87.68,24.82,12148.00
Kedelai,Sumatera Barat,1996,13126.00,3866.00,87.29,24.52,11587.00
Kedelai,Sumatera Barat,1997,10094.00,2945.10,87.97,24.69,8420.00
Kedelai,Sumatera Barat,1998,8874.00,5522.00,87.39,25.04,7684.00
Kedelai,Sumatera Barat,1999,12686.00,4327.50,80.89,22.48,10296.00
Kedelai,Sumatera Barat,2000,7614.00,3040.60,86.01,25.86,6592.00
Kedelai,Sumatera Barat,2001,4936.00,2811.00,71.08,28.17,4116.00
Kedelai,Sumatera Barat,2002,2078.00,4241.20,71.28,28.19,1655.00
Kedelai,Sumatera Barat,2003,2122.00,4927.20,71.91,29.17,1613.00
Kedelai,Sumatera Barat,2004,1575.00,4584.20,78.50,29.02,1178.00
Kedelai,Sumatera Barat,2005,2000.00,1533.60,78.00,25.90,1505.00
Kedelai,Sumatera Barat,2006,1438.00,776.00,79.00,26.05,1176.00
Kedelai,Sumatera Barat,2007,1131.00,4329.00,85.30,25.70,883.00
Kedelai,Sumatera Barat,2008,1459.00,2552.50,86.20,25.40,1125.00
Kedelai,Sumatera Barat,2009,3175.00,4691.00,86.20,25.50,1882.00
Kedelai,Sumatera Barat,2010,1834.00,5228.00,87.20,25.80,1113.00
Kedelai,Sumatera Barat,2011,1925.00,4959.50,54.20,26.00,1345.00
Kedelai,Sumatera Barat,2012,1106.00,4339.00,87.00,25.20,850.00
Kedelai,Sumatera Barat,2013,732.00,4627.90,86.91,25.10,690.00
Kedelai,Sumatera Barat,2014,911.00,2838.40,85.35,25.70,785.00
Kedelai,Sumatera Barat,2015,353.00,3548.00,84.00,26.50,296.00
Kedelai,Sumatera Barat,2016,95.00,4205.20,76.49,23.26,84.00
Kedelai,Sumatera Barat,2017,76.00,4553.00,75.11,22.19,72.00
Jagung,Riau,1993,21699.00,2738.40,86.37,26.00,10223.00
Jagung,Riau,1994,33274.00,1991.30,84.90,26.10,15484.00
Jagung,Riau,1995,21455.00,3099.90,85.02,26.17,10158.00
Jagung,Riau,1996,38853.00,2259.50,84.26,25.94,17953.00
Jagung,Riau,1997,35253.00,1510.40,83.82,26.26,16320.00
Jagung,Riau,1998,41433.00,2233.00,84.26,26.73,19261.00
Jagung,Riau,1999,56317.00,2045.30,84.59,26.08,25890.00
Jagung,Riau,2000,48493.00,2478.20,84.60,25.98,22253.00
Jagung,Riau,2001,39915.00,2441.70,70.79,29.05,18349.00
Jagung,Riau,2002,38588.00,3123.80,71.73,28.20,17790.00
Jagung,Riau,2003,31635.00,3822.80,72.92,29.64,14581.00
Jagung,Riau,2004,42122.00,2540.10,83.70,29.85,19285.00
Jagung,Riau,2005,36421.00,1996.30,83.93,26.58,16524.00
Jagung,Riau,2006,34728.00,537.60,79.60,27.70,15539.00
Jagung,Riau,2007,4041.00,3216.30,85.30,27.10,18379.00
Jagung,Riau,2008,47959.00,3026.20,80.20,27.40,21397.00
Jagung,Riau,2009,56521.00,3390.00,76.20,27.70,25016.00
Jagung,Riau,2010,41862.00,3390.00,76.20,27.70,18044.00
Jagung,Riau,2011,33197.00,2405.00,74.50,27.00,14139.00
Jagung,Riau,2012,31433.00,2636.00,76.10,27.30,13284.00
Jagung,Riau,2013,28052.00,2628.00,76.00,26.00,11748.00
Jagung,Riau,2014,28651.00,2343.00,78.10,27.20,12057.00
Jagung,Riau,2015,30870.00,2048.30,80.50,27.20,12425.00
Jagung,Riau,2016,31850.00,2105.60,83.72,27.00,8121.00
Jagung,Riau,2017,30765.00,2982.90,84.76,26.70,8109.00
Ubi Kayu,Riau,1993,81593.00,2738.40,86.37,26.00,7275.00
Ubi Kayu,Riau,1994,77885.00,1991.30,84.90,26.10,7745.00
Ubi Kayu,Riau,1995,60015.00,3099.90,85.02,26.17,5717.00
Ubi Kayu,Riau,1996,63254.00,2259.50,84.26,25.94,6167.00
Ubi Kayu,Riau,1997,64151.00,1510.40,83.82,26.26,6154.00
Ubi Kayu,Riau,1998,71892.00,2233.00,84.26,26.73,6941.00
Ubi Kayu,Riau,1999,82437.00,2045.30,84.59,26.08,7724.00
Ubi Kayu,Riau,2000,69722.00,2478.20,84.60,25.98,6665.00
Ubi Kayu,Riau,2001,55822.00,2441.70,70.79,29.05,5077.00
Ubi Kayu,Riau,2002,56547.00,3123.80,71.73,28.20,5328.00
Ubi Kayu,Riau,2003,51487.00,3822.80,72.92,29.64,4850.00
Ubi Kayu,Riau,2004,47922.00,2540.10,83.70,29.85,4445.00
Ubi Kayu,Riau,2005,41668.00,1996.30,83.93,26.58,3891.00
Ubi Kayu,Riau,2006,47586.00,537.60,79.60,27.70,4410.00
Ubi Kayu,Riau,2007,51784.00,3216.30,85.30,27.10,4718.00
Ubi Kayu,Riau,2008,50772.00,3026.20,80.20,27.40,4625.00
Ubi Kayu,Riau,2009,68046.00,3390.00,76.20,27.70,4379.00
Ubi Kayu,Riau,2010,75904.00,3390.00,76.20,27.70,4237.00
Ubi Kayu,Riau,2011,79480.00,2405.00,74.50,27.00,4144.00
Ubi Kayu,Riau,2012,88577.00,2636.00,76.10,27.30,3642.00
Ubi Kayu,Riau,2013,103070.00,2628.00,76.00,26.00,3863.00
Ubi Kayu,Riau,2014,117287.00,2343.00,78.10,27.20,4038.00
Ubi Kayu,Riau,2015,103599.00,2048.30,80.50,27.20,3578.00
Ubi Kayu,Riau,2016,105992.00,2105.60,83.72,27.00,3536.00
Ubi Kayu,Riau,2017,124797.00,2982.90,84.76,26.70,3574.00
Ubi Jalar,Riau,1993,13264.00,2738.40,86.37,26.00,1896.00
Ubi Jalar,Riau,1994,15620.00,1991.30,84.90,26.10,2182.00
Ubi Jalar,Riau,1995,13273.00,3099.90,85.02,26.17,1684.00
Ubi Jalar,Riau,1996,11296.00,2259.50,84.26,25.94,1442.00
Ubi Jalar,Riau,1997,12473.00,1510.40,83.82,26.26,1191.00
Ubi Jalar,Riau,1998,12540.00,2233.00,84.26,26.73,1617.00
Ubi Jalar,Riau,1999,10329.00,2045.30,84.59,26.08,1317.00
Ubi Jalar,Riau,2000,13577.00,2478.20,84.60,25.98,1738.00
Ubi Jalar,Riau,2001,11254.00,2441.70,70.79,29.05,1449.00
Ubi Jalar,Riau,2002,9178.00,3123.80,71.73,28.20,1179.00
Ubi Jalar,Riau,2003,11299.00,3822.80,72.92,29.64,1446.00
Ubi Jalar,Riau,2004,11390.00,2540.10,83.70,29.85,1460.00
Ubi Jalar,Riau,2005,10848.00,1996.30,83.93,26.58,1375.00
Ubi Jalar,Riau,2006,11123.00,537.60,79.60,27.70,1413.00
Ubi Jalar,Riau,2007,12814.00,3216.30,85.30,27.10,1627.00
Ubi Jalar,Riau,2008,11330.00,3026.20,80.20,27.40,1429.00
Ubi Jalar,Riau,2009,9736.00,3390.00,76.20,27.70,1230.00
Ubi Jalar,Riau,2010,9967.00,3390.00,76.20,27.70,1252.00
Ubi Jalar,Riau,2011,9912.00,2405.00,74.50,27.00,1203.00
Ubi Jalar,Riau,2012,9424.00,2636.00,76.10,27.30,1137.00
Ubi Jalar,Riau,2013,8462.00,2628.00,76.00,26.00,1028.00
Ubi Jalar,Riau,2014,8038.00,2343.00,78.10,27.20,981.00
Ubi Jalar,Riau,2015,6562.00,2048.30,80.50,27.20,793.00
Ubi Jalar,Riau,2016,4904.00,2105.60,83.72,27.00,597.00
Ubi Jalar,Riau,2017,3576.00,2982.90,84.76,26.70,453.00
Kacang Tanah,Riau,1993,3799.00,2738.40,86.37,26.00,3656.00
Kacang Tanah,Riau,1994,4556.00,1991.30,84.90,26.10,5030.00
Kacang Tanah,Riau,1995,4354.00,3099.90,85.02,26.17,4579.00
Kacang Tanah,Riau,1996,3820.00,2259.50,84.26,25.94,4127.00
Kacang Tanah,Riau,1997,3144.00,1510.40,83.82,26.26,3246.00
Kacang Tanah,Riau,1998,4366.00,2233.00,84.26,26.73,4656.00
Kacang Tanah,Riau,1999,4089.00,2045.30,84.59,26.08,4737.00
Kacang Tanah,Riau,2000,3882.00,2478.20,84.60,25.98,4159.00
Kacang Tanah,Riau,2001,3180.00,2441.70,70.79,29.05,3482.00
Kacang Tanah,Riau,2002,4142.00,3123.80,71.73,28.20,4493.00
Kacang Tanah,Riau,2003,3363.00,3822.80,72.92,29.64,3642.00
Kacang Tanah,Riau,2004,3349.00,2540.10,83.70,29.85,3554.00
Kacang Tanah,Riau,2005,3526.00,1996.30,83.93,26.58,3749.00
Kacang Tanah,Riau,2006,3387.00,537.60,79.60,27.70,3619.00
Kacang Tanah,Riau,2007,3225.00,3216.30,85.30,27.10,3475.00
Kacang Tanah,Riau,2008,2240.00,3026.20,80.20,27.40,2412.00
Kacang Tanah,Riau,2009,2020.00,3390.00,76.20,27.70,2023.00
Kacang Tanah,Riau,2010,2007.00,3390.00,76.20,27.70,2188.00
Kacang Tanah,Riau,2011,1692.00,2405.00,74.50,27.00,1819.00
Kacang Tanah,Riau,2012,1622.00,2636.00,76.10,27.30,1723.00
Kacang Tanah,Riau,2013,1243.00,2628.00,76.00,26.00,1325.00
Kacang Tanah,Riau,2014,1134.00,2343.00,78.10,27.20,1194.00
Kacang Tanah,Riau,2015,1036.00,2048.30,80.50,27.20,1081.00
Kacang Tanah,Riau,2016,913.00,2105.60,83.72,27.00,960.00
Kacang Tanah,Riau,2017,805.00,2982.90,84.76,26.70,802.00
Kedelai,Riau,1993,11186.00,2738.40,86.37,26.00,11122.00
Kedelai,Riau,1994,12019.00,1991.30,84.90,26.10,11840.00
Kedelai,Riau,1995,6897.00,3099.90,85.02,26.17,7332.00
Kedelai,Riau,1996,7730.00,2259.50,84.26,25.94,8087.00
Kedelai,Riau,1997,7156.00,1510.40,83.82,26.26,7461.00
Kedelai,Riau,1998,4827.00,2233.00,84.26,26.73,4906.00
Kedelai,Riau,1999,3795.00,2045.30,84.59,26.08,3960.00
Kedelai,Riau,2000,3100.00,2478.20,84.60,25.98,3110.00
Kedelai,Riau,2001,2289.00,2441.70,70.79,29.05,2006.00
Kedelai,Riau,2002,2307.00,3123.80,71.73,28.20,2296.00
Kedelai,Riau,2003,1438.00,3822.80,72.92,29.64,1423.00
Kedelai,Riau,2004,1825.00,2540.10,83.70,29.85,1781.00
Kedelai,Riau,2005,2923.00,1996.30,83.93,26.58,2829.00
Kedelai,Riau,2006,4205.00,537.60,79.60,27.70,3994.00
Kedelai,Riau,2007,2419.00,3216.30,85.30,27.10,2266.00
Kedelai,Riau,2008,4689.00,3026.20,80.20,27.40,4319.00
Kedelai,Riau,2009,5298.00,3390.00,76.20,27.70,4906.00
Kedelai,Riau,2010,5830.00,3390.00,76.20,27.70,5252.00
Kedelai,Riau,2011,7100.00,2405.00,74.50,27.00,6425.00
Kedelai,Riau,2012,4182.00,2636.00,76.10,27.30,3686.00
Kedelai,Riau,2013,2211.00,2628.00,76.00,26.00,1949.00
Kedelai,Riau,2014,2332.00,2343.00,78.10,27.20,2030.00
Kedelai,Riau,2015,2145.00,2048.30,80.50,27.20,1516.00
Kedelai,Riau,2016,2654.00,2105.60,83.72,27.00,2207.00
Kedelai,Riau,2017,1119.00,2982.90,84.76,26.70,966.00
Jagung,Jambi,1993,10206.00,1954.00,83.81,26.29,6619.00
Jagung,Jambi,1994,11337.00,1824.00,81.25,25.51,7825.00
Jagung,Jambi,1995,14213.00,2290.10,83.96,26.22,9499.00
Jagung,Jambi,1996,17895.00,2309.10,83.60,26.00,11975.00
Jagung,Jambi,1997,17764.00,1030.10,80.64,26.50,10524.00
Jagung,Jambi,1998,30320.00,2383.80,83.47,26.78,18345.00
Jagung,Jambi,1999,30533.00,2429.30,83.25,26.34,18940.00
Jagung,Jambi,2000,24875.00,840.30,84.85,27.76,12496.00
Jagung,Jambi,2001,23975.00,2515.20,72.40,28.12,11485.00
Jagung,Jambi,2002,26722.00,2044.50,70.77,28.82,11528.00
Jagung,Jambi,2003,27077.00,2508.10,71.28,29.39,8966.00
Jagung,Jambi,2004,27540.00,2561.00,82.74,28.95,8724.00
Jagung,Jambi,2005,29679.00,1015.70,84.80,26.80,8874.00
Jagung,Jambi,2006,29288.00,424.70,85.00,26.77,8637.00
Jagung,Jambi,2007,30028.00,2394.00,86.00,26.60,8655.00
Jagung,Jambi,2008,34616.00,2230.00,83.70,26.50,9520.00
Jagung,Jambi,2009,38169.00,2299.00,83.80,27.10,10112.00
Jagung,Jambi,2010,30691.00,3207.00,84.60,27.10,8280.00
Jagung,Jambi,2011,25521.00,2295.00,82.50,26.90,6706.00
Jagung,Jambi,2012,25571.00,1874.00,81.40,26.70,6587.00
Jagung,Jambi,2013,25690.00,2093.00,83.42,26.80,6504.00
Jagung,Jambi,2014,43617.00,1781.00,82.80,27.20,7937.00
Jagung,Jambi,2015,51712.00,1694.90,82.10,27.00,8486.00
Jagung,Jambi,2016,80276.00,1502.40,83.84,26.84,8095.00
Jagung,Jambi,2017,98680.00,2193.20,83.69,26.62,8735.00
Ubi Kayu,Jambi,1993,235400.00,1954.00,83.81,26.29,23028.00
Ubi Kayu,Jambi,1994,229934.00,1824.00,81.25,25.51,23626.00
Ubi Kayu,Jambi,1995,204063.00,2290.10,83.96,26.22,19229.00
Ubi Kayu,Jambi,1996,158547.00,2309.10,83.60,26.00,14922.00
Ubi Kayu,Jambi,1997,82597.00,1030.10,80.64,26.50,7620.00
Ubi Kayu,Jambi,1998,71648.00,2383.80,83.47,26.78,6853.00
Ubi Kayu,Jambi,1999,73856.00,2429.30,83.25,26.34,6949.00
Ubi Kayu,Jambi,2000,54594.00,840.30,84.85,27.76,5129.00
Ubi Kayu,Jambi,2001,54605.00,2515.20,72.40,28.12,4990.00
Ubi Kayu,Jambi,2002,52516.00,2044.50,70.77,28.82,4637.00
Ubi Kayu,Jambi,2003,52602.00,2508.10,71.28,29.39,4165.00
Ubi Kayu,Jambi,2004,44446.00,2561.00,82.74,28.95,3546.00
Ubi Kayu,Jambi,2005,39780.00,1015.70,84.80,26.80,3118.00
Ubi Kayu,Jambi,2006,40779.00,424.70,85.00,26.77,3131.00
Ubi Kayu,Jambi,2007,44794.00,2394.00,86.00,26.60,3388.00
Ubi Kayu,Jambi,2008,36905.00,2230.00,83.70,26.50,2706.00
Ubi Kayu,Jambi,2009,39355.00,2299.00,83.80,27.10,2881.00
Ubi Kayu,Jambi,2010,39564.00,3207.00,84.60,27.10,2895.00
Ubi Kayu,Jambi,2011,40462.00,2295.00,82.50,26.90,2819.00
Ubi Kayu,Jambi,2012,38978.00,1874.00,81.40,26.70,2744.00
Ubi Kayu,Jambi,2013,33291.00,2093.00,83.42,26.80,2274.00
Ubi Kayu,Jambi,2014,35550.00,1781.00,82.80,27.20,2268.00
Ubi Kayu,Jambi,2015,43433.00,1694.90,82.10,27.00,2018.00
Ubi Kayu,Jambi,2016,53944.00,1502.40,83.84,26.84,2116.00
Ubi Kayu,Jambi,2017,64489.00,2193.20,83.69,26.62,2687.00
Ubi Jalar,Jambi,1993,25475.00,1954.00,83.81,26.29,3168.00
Ubi Jalar,Jambi,1994,26752.00,1824.00,81.25,25.51,3353.00
Ubi Jalar,Jambi,1995,25866.00,2290.10,83.96,26.22,3354.00
Ubi Jalar,Jambi,1996,18965.00,2309.10,83.60,26.00,2259.00
Ubi Jalar,Jambi,1997,12462.00,1030.10,80.64,26.50,665.00
Ubi Jalar,Jambi,1998,22020.00,2383.80,83.47,26.78,2661.00
Ubi Jalar,Jambi,1999,15990.00,2429.30,83.25,26.34,1912.00
Ubi Jalar,Jambi,2000,14266.00,840.30,84.85,27.76,1735.00
Ubi Jalar,Jambi,2001,14725.00,2515.20,72.40,28.12,1771.00
Ubi Jalar,Jambi,2002,16817.00,2044.50,70.77,28.82,2002.00
Ubi Jalar,Jambi,2003,22000.00,2508.10,71.28,29.39,2619.00
Ubi Jalar,Jambi,2004,27325.00,2561.00,82.74,28.95,3253.00
Ubi Jalar,Jambi,2005,28370.00,1015.70,84.80,26.80,3325.00
Ubi Jalar,Jambi,2006,29261.00,424.70,85.00,26.77,3407.00
Ubi Jalar,Jambi,2007,36363.00,2394.00,86.00,26.60,4026.00
Ubi Jalar,Jambi,2008,21825.00,2230.00,83.70,26.50,2263.00
Ubi Jalar,Jambi,2009,20614.00,2299.00,83.80,27.10,2129.00
Ubi Jalar,Jambi,2010,21156.00,3207.00,84.60,27.10,2197.00
Ubi Jalar,Jambi,2011,68735.00,2295.00,82.50,26.90,3017.00
Ubi Jalar,Jambi,2012,80057.00,1874.00,81.40,26.70,3076.00
Ubi Jalar,Jambi,2013,68187.00,2093.00,83.42,26.80,2670.00
Ubi Jalar,Jambi,2014,78677.00,1781.00,82.80,27.20,2945.00
Ubi Jalar,Jambi,2015,79393.00,1694.90,82.10,27.00,2511.00
Ubi Jalar,Jambi,2016,46624.00,1502.40,83.84,26.84,1672.00
Ubi Jalar,Jambi,2017,44977.00,2193.20,83.69,26.62,1604.00
Kacang Tanah,Jambi,1993,3405.00,1954.00,83.81,26.29,3131.00
Kacang Tanah,Jambi,1994,2658.00,1824.00,81.25,25.51,3270.00
Kacang Tanah,Jambi,1995,4053.00,2290.10,83.96,26.22,3673.00
Kacang Tanah,Jambi,1996,3403.00,2309.10,83.60,26.00,3021.00
Kacang Tanah,Jambi,1997,2469.00,1030.10,80.64,26.50,2182.00
Kacang Tanah,Jambi,1998,4742.00,2383.80,83.47,26.78,4514.00
Kacang Tanah,Jambi,1999,3554.00,2429.30,83.25,26.34,3614.00
Kacang Tanah,Jambi,2000,2446.00,840.30,84.85,27.76,2394.00
Kacang Tanah,Jambi,2001,2614.00,2515.20,72.40,28.12,2480.00
Kacang Tanah,Jambi,2002,1807.00,2044.50,70.77,28.82,1764.00
Kacang Tanah,Jambi,2003,1993.00,2508.10,71.28,29.39,1836.00
Kacang Tanah,Jambi,2004,2220.00,2561.00,82.74,28.95,1996.00
Kacang Tanah,Jambi,2005,2315.00,1015.70,84.80,26.80,2000.00
Kacang Tanah,Jambi,2006,2431.00,424.70,85.00,26.77,2059.00
Kacang Tanah,Jambi,2007,2501.00,2394.00,86.00,26.60,2060.00
Kacang Tanah,Jambi,2008,2367.00,2230.00,83.70,26.50,1960.00
Kacang Tanah,Jambi,2009,2184.00,2299.00,83.80,27.10,1771.00
Kacang Tanah,Jambi,2010,1782.00,3207.00,84.60,27.10,1468.00
Kacang Tanah,Jambi,2011,1680.00,2295.00,82.50,26.90,1315.00
Kacang Tanah,Jambi,2012,1535.00,1874.00,81.40,26.70,1203.00
Kacang Tanah,Jambi,2013,1513.00,2093.00,83.42,26.80,1161.00
Kacang Tanah,Jambi,2014,1461.00,1781.00,82.80,27.20,1139.00
Kacang Tanah,Jambi,2015,1176.00,1694.90,82.10,27.00,907.00
Kacang Tanah,Jambi,2016,1213.00,1502.40,83.84,26.84,947.00
Kacang Tanah,Jambi,2017,1310.00,2193.20,83.69,26.62,938.00
Kedelai,Jambi,1993,9127.00,1954.00,83.81,26.29,10190.00
Kedelai,Jambi,1994,6679.00,1824.00,81.25,25.51,8333.00
Kedelai,Jambi,1995,10548.00,2290.10,83.96,26.22,12214.00
Kedelai,Jambi,1996,13297.00,2309.10,83.60,26.00,14861.00
Kedelai,Jambi,1997,11213.00,1030.10,80.64,26.50,11710.00
Kedelai,Jambi,1998,11496.00,2383.80,83.47,26.78,11406.00
Kedelai,Jambi,1999,14966.00,2429.30,83.25,26.34,14422.00
Kedelai,Jambi,2000,4233.00,840.30,84.85,27.76,4301.00
Kedelai,Jambi,2001,2359.00,2515.20,72.40,28.12,2170.00
Kedelai,Jambi,2002,3772.00,2044.50,70.77,28.82,3460.00
Kedelai,Jambi,2003,3992.00,2508.10,71.28,29.39,2912.00
Kedelai,Jambi,2004,2532.00,2561.00,82.74,28.95,1815.00
Kedelai,Jambi,2005,2863.00,1015.70,84.80,26.80,2191.00
Kedelai,Jambi,2006,3443.00,424.70,85.00,26.77,2637.00
Kedelai,Jambi,2007,4316.00,2394.00,86.00,26.60,3406.00
Kedelai,Jambi,2008,5969.00,2230.00,83.70,26.50,4785.00
Kedelai,Jambi,2009,9132.00,2299.00,83.80,27.10,7238.00
Kedelai,Jambi,2010,5320.00,3207.00,84.60,27.10,4243.00
Kedelai,Jambi,2011,5668.00,2295.00,82.50,26.90,4563.00
Kedelai,Jambi,2012,3516.00,1874.00,81.40,26.70,2809.00
Kedelai,Jambi,2013,2372.00,2093.00,83.42,26.80,1877.00
Kedelai,Jambi,2014,6800.00,1781.00,82.80,27.20,5288.00
Kedelai,Jambi,2015,6732.00,1694.90,82.10,27.00,4906.00
Kedelai,Jambi,2016,11338.00,1502.40,83.84,26.84,8543.00
Kedelai,Jambi,2017,10925.00,2193.20,83.69,26.62,7271.00
Jagung,Sumatera Selatan,1993,48036.00,2815.00,82.78,26.38,22853.00
Jagung,Sumatera Selatan,1994,36299.00,1800.00,79.89,26.53,20014.00
Jagung,Sumatera Selatan,1995,82707.00,2800.00,82.71,26.54,39165.00
Jagung,Sumatera Selatan,1996,85141.00,2614.00,82.45,26.34,40307.00
Jagung,Sumatera Selatan,1997,108450.00,1558.30,78.47,26.75,50777.00
Jagung,Sumatera Selatan,1998,105309.00,2539.30,82.58,26.19,48763.00
Jagung,Sumatera Selatan,1999,116020.00,2704.70,81.01,25.67,52995.00
Jagung,Sumatera Selatan,2000,94528.00,2632.50,83.26,25.32,41280.00
Jagung,Sumatera Selatan,2001,68769.00,2837.50,72.06,28.83,28831.00
Jagung,Sumatera Selatan,2002,53436.00,2368.20,70.36,28.23,21751.00
Jagung,Sumatera Selatan,2003,59261.00,2674.00,69.59,29.64,21404.00
Jagung,Sumatera Selatan,2004,65234.00,2182.60,80.96,28.70,23859.00
Jagung,Sumatera Selatan,2005,75566.00,1356.90,82.50,27.10,26884.00
Jagung,Sumatera Selatan,2006,73896.00,1442.00,80.00,27.10,25199.00
Jagung,Sumatera Selatan,2007,84081.00,2364.70,83.50,27.00,25908.00
Jagung,Sumatera Selatan,2008,101439.00,2685.70,84.80,26.90,31716.00
Jagung,Sumatera Selatan,2009,113167.00,2389.00,82.30,27.40,31693.00
Jagung,Sumatera Selatan,2010,125796.00,3396.00,85.25,27.08,33769.00
Jagung,Sumatera Selatan,2011,125688.00,2593.00,84.80,27.30,32965.00
Jagung,Sumatera Selatan,2012,112917.00,3083.00,83.00,27.40,28617.00
Jagung,Sumatera Selatan,2013,167457.00,3409.00,84.00,27.30,32558.00
Jagung,Sumatera Selatan,2014,191974.00,1668.30,81.00,26.00,31939.00
Jagung,Sumatera Selatan,2015,289007.00,1947.20,79.50,27.70,46315.00
Jagung,Sumatera Selatan,2016,552199.00,3477.90,82.22,27.31,47745.00
Jagung,Sumatera Selatan,2017,892358.00,2489.50,81.08,26.75,74983.00
Ubi Kayu,Sumatera Selatan,1993,523529.00,2815.00,82.78,26.38,42900.00
Ubi Kayu,Sumatera Selatan,1994,401780.00,1800.00,79.89,26.53,32892.00
Ubi Kayu,Sumatera Selatan,1995,325499.00,2800.00,82.71,26.54,29312.00
Ubi Kayu,Sumatera Selatan,1996,403063.00,2614.00,82.45,26.34,35506.00
Ubi Kayu,Sumatera Selatan,1997,436904.00,1558.30,78.47,26.75,38965.00
Ubi Kayu,Sumatera Selatan,1998,516946.00,2539.30,82.58,26.19,44432.00
Ubi Kayu,Sumatera Selatan,1999,422739.00,2704.70,81.01,25.67,38620.00
Ubi Kayu,Sumatera Selatan,2000,326766.00,2632.50,83.26,25.32,29844.00
Ubi Kayu,Sumatera Selatan,2001,323675.00,2837.50,72.06,28.83,27875.00
Ubi Kayu,Sumatera Selatan,2002,271049.00,2368.20,70.36,28.23,23110.00
Ubi Kayu,Sumatera Selatan,2003,158042.00,2674.00,69.59,29.64,13894.00
Ubi Kayu,Sumatera Selatan,2004,248844.00,2182.60,80.96,28.70,19979.00
Ubi Kayu,Sumatera Selatan,2005,179952.00,1356.90,82.50,27.10,14432.00
Ubi Kayu,Sumatera Selatan,2006,228321.00,1442.00,80.00,27.10,17366.00
Ubi Kayu,Sumatera Selatan,2007,150133.00,2364.70,83.50,27.00,11153.00
Ubi Kayu,Sumatera Selatan,2008,197150.00,2685.70,84.80,26.90,13005.00
Ubi Kayu,Sumatera Selatan,2009,166890.00,2389.00,82.30,27.40,10844.00
Ubi Kayu,Sumatera Selatan,2010,159929.00,3396.00,85.25,27.08,10184.00
Ubi Kayu,Sumatera Selatan,2011,159346.00,2593.00,84.80,27.30,9792.00
Ubi Kayu,Sumatera Selatan,2012,143565.00,3083.00,83.00,27.40,8938.00
Ubi Kayu,Sumatera Selatan,2013,165250.00,3409.00,84.00,27.30,9397.00
Ubi Kayu,Sumatera Selatan,2014,220014.00,1668.30,81.00,26.00,10930.00
Ubi Kayu,Sumatera Selatan,2015,217807.00,1947.20,79.50,27.70,8801.00
Ubi Kayu,Sumatera Selatan,2016,386881.00,3477.90,82.22,27.31,12606.00
Ubi Kayu,Sumatera Selatan,2017,539009.00,2489.50,81.08,26.75,13885.00
Ubi Jalar,Sumatera Selatan,1993,58915.00,2815.00,82.78,26.38,6460.00
Ubi Jalar,Sumatera Selatan,1994,29636.00,1800.00,79.89,26.53,4765.00
Ubi Jalar,Sumatera Selatan,1995,34615.00,2800.00,82.71,26.54,5309.00
Ubi Jalar,Sumatera Selatan,1996,52099.00,2614.00,82.45,26.34,7070.00
Ubi Jalar,Sumatera Selatan,1997,47245.00,1558.30,78.47,26.75,2564.00
Ubi Jalar,Sumatera Selatan,1998,43252.00,2539.30,82.58,26.19,5854.00
Ubi Jalar,Sumatera Selatan,1999,36221.00,2704.70,81.01,25.67,5258.00
Ubi Jalar,Sumatera Selatan,2000,26537.00,2632.50,83.26,25.32,3785.00
Ubi Jalar,Sumatera Selatan,2001,14804.00,2837.50,72.06,28.83,2347.00
Ubi Jalar,Sumatera Selatan,2002,16878.00,2368.20,70.36,28.23,2469.00
Ubi Jalar,Sumatera Selatan,2003,20672.00,2674.00,69.59,29.64,3112.00
Ubi Jalar,Sumatera Selatan,2004,22573.00,2182.60,80.96,28.70,3522.00
Ubi Jalar,Sumatera Selatan,2005,24465.00,1356.90,82.50,27.10,3739.00
Ubi Jalar,Sumatera Selatan,2006,20747.00,1442.00,80.00,27.10,2950.00
Ubi Jalar,Sumatera Selatan,2007,21515.00,2364.70,83.50,27.00,3033.00
Ubi Jalar,Sumatera Selatan,2008,19621.00,2685.70,84.80,26.90,2829.00
Ubi Jalar,Sumatera Selatan,2009,20800.00,2389.00,82.30,27.40,2973.00
Ubi Jalar,Sumatera Selatan,2010,22839.00,3396.00,85.25,27.08,3268.00
Ubi Jalar,Sumatera Selatan,2011,18309.00,2593.00,84.80,27.30,2620.00
Ubi Jalar,Sumatera Selatan,2012,17380.00,3083.00,83.00,27.40,2475.00
Ubi Jalar,Sumatera Selatan,2013,15945.00,3409.00,84.00,27.30,1922.00
Ubi Jalar,Sumatera Selatan,2014,24454.00,1668.30,81.00,26.00,2112.00
Ubi Jalar,Sumatera Selatan,2015,16563.00,1947.20,79.50,27.70,1459.00
Ubi Jalar,Sumatera Selatan,2016,16407.00,3477.90,82.22,27.31,1247.00
Ubi Jalar,Sumatera Selatan,2017,12801.00,2489.50,81.08,26.75,954.00
Kacang Tanah,Sumatera Selatan,1993,18854.00,2815.00,82.78,26.38,18199.00
Kacang Tanah,Sumatera Selatan,1994,10322.00,1800.00,79.89,26.53,10490.00
Kacang Tanah,Sumatera Selatan,1995,17897.00,2800.00,82.71,26.54,15176.00
Kacang Tanah,Sumatera Selatan,1996,17435.00,2614.00,82.45,26.34,14922.00
Kacang Tanah,Sumatera Selatan,1997,12630.00,1558.30,78.47,26.75,11351.00
Kacang Tanah,Sumatera Selatan,1998,9424.00,2539.30,82.58,26.19,8489.00
Kacang Tanah,Sumatera Selatan,1999,13756.00,2704.70,81.01,25.67,12338.00
Kacang Tanah,Sumatera Selatan,2000,7731.00,2632.50,83.26,25.32,7050.00
Kacang Tanah,Sumatera Selatan,2001,6167.00,2837.50,72.06,28.83,5763.00
Kacang Tanah,Sumatera Selatan,2002,6218.00,2368.20,70.36,28.23,5743.00
Kacang Tanah,Sumatera Selatan,2003,7682.00,2674.00,69.59,29.64,6503.00
Kacang Tanah,Sumatera Selatan,2004,7187.00,2182.60,80.96,28.70,5461.00
Kacang Tanah,Sumatera Selatan,2005,9756.00,1356.90,82.50,27.10,7328.00
Kacang Tanah,Sumatera Selatan,2006,11696.00,1442.00,80.00,27.10,8639.00
Kacang Tanah,Sumatera Selatan,2007,7676.00,2364.70,83.50,27.00,5583.00
Kacang Tanah,Sumatera Selatan,2008,7499.00,2685.70,84.80,26.90,5757.00
Kacang Tanah,Sumatera Selatan,2009,6459.00,2389.00,82.30,27.40,4797.00
Kacang Tanah,Sumatera Selatan,2010,6109.00,3396.00,85.25,27.08,4632.00
Kacang Tanah,Sumatera Selatan,2011,3960.00,2593.00,84.80,27.30,3046.00
Kacang Tanah,Sumatera Selatan,2012,4060.00,3083.00,83.00,27.40,3129.00
Kacang Tanah,Sumatera Selatan,2013,3475.00,3409.00,84.00,27.30,2547.00
Kacang Tanah,Sumatera Selatan,2014,2720.00,1668.30,81.00,26.00,2284.00
Kacang Tanah,Sumatera Selatan,2015,2021.00,1947.20,79.50,27.70,1709.00
Kacang Tanah,Sumatera Selatan,2016,2007.00,3477.90,82.22,27.31,1619.00
Kacang Tanah,Sumatera Selatan,2017,3113.00,2489.50,81.08,26.75,2039.00
Kedelai,Sumatera Selatan,1993,14807.00,2815.00,82.78,26.38,14433.00
Kedelai,Sumatera Selatan,1994,9837.00,1800.00,79.89,26.53,11495.00
Kedelai,Sumatera Selatan,1995,26600.00,2800.00,82.71,26.54,21806.00
Kedelai,Sumatera Selatan,1996,22043.00,2614.00,82.45,26.34,19465.00
Kedelai,Sumatera Selatan,1997,18151.00,1558.30,78.47,26.75,15775.00
Kedelai,Sumatera Selatan,1998,16070.00,2539.30,82.58,26.19,14617.00
Kedelai,Sumatera Selatan,1999,20812.00,2704.70,81.01,25.67,19585.00
Kedelai,Sumatera Selatan,2000,8771.00,2632.50,83.26,25.32,7813.00
Kedelai,Sumatera Selatan,2001,5337.00,2837.50,72.06,28.83,4761.00
Kedelai,Sumatera Selatan,2002,3788.00,2368.20,70.36,28.23,3263.00
Kedelai,Sumatera Selatan,2003,4815.00,2674.00,69.59,29.64,3977.00
Kedelai,Sumatera Selatan,2004,4664.00,2182.60,80.96,28.70,3539.00
Kedelai,Sumatera Selatan,2005,5160.00,1356.90,82.50,27.10,3796.00
Kedelai,Sumatera Selatan,2006,3788.00,1442.00,80.00,27.10,2733.00
Kedelai,Sumatera Selatan,2007,2873.00,2364.70,83.50,27.00,1990.00
Kedelai,Sumatera Selatan,2008,7305.00,2685.70,84.80,26.90,5352.00
Kedelai,Sumatera Selatan,2009,13702.00,2389.00,82.30,27.40,9168.00
Kedelai,Sumatera Selatan,2010,11664.00,3396.00,85.25,27.08,7532.00
Kedelai,Sumatera Selatan,2011,13710.00,2593.00,84.80,27.30,8698.00
Kedelai,Sumatera Selatan,2012,12162.00,3083.00,83.00,27.40,7756.00
Kedelai,Sumatera Selatan,2013,5140.00,3409.00,84.00,27.30,3564.00
Kedelai,Sumatera Selatan,2014,12550.00,1668.30,81.00,26.00,7237.00
Kedelai,Sumatera Selatan,2015,16818.00,1947.20,79.50,27.70,11145.00
Kedelai,Sumatera Selatan,2016,23391.00,3477.90,82.22,27.31,15148.00
Kedelai,Sumatera Selatan,2017,11792.00,2489.50,81.08,26.75,6741.00
Jagung,Bengkulu,1993,36449.00,4150.00,85.50,25.95,20139.00
Jagung,Bengkulu,1994,32303.00,2043.00,85.32,25.68,17963.00
Jagung,Bengkulu,1995,52232.00,4478.00,85.49,26.12,28755.00
Jagung,Bengkulu,1996,53940.00,3931.00,85.96,25.66,29708.00
Jagung,Bengkulu,1997,61081.00,1167.00,84.00,25.84,33232.00
Jagung,Bengkulu,1998,64062.00,4114.00,85.34,26.40,36119.00
Jagung,Bengkulu,1999,55178.00,3084.00,84.72,25.81,29718.00
Jagung,Bengkulu,2000,46638.00,3254.00,84.73,24.22,25397.00
Jagung,Bengkulu,2001,41557.00,3010.00,70.15,26.80,22576.00
Jagung,Bengkulu,2002,52190.00,3076.00,67.98,28.50,28948.00
Jagung,Bengkulu,2003,52723.00,3030.00,70.30,29.50,28214.00
Jagung,Bengkulu,2004,50012.00,3277.00,84.28,29.70,20049.00
Jagung,Bengkulu,2005,84089.00,3375.20,84.70,25.70,31998.00
Jagung,Bengkulu,2006,82296.00,2313.80,83.30,26.10,31649.00
Jagung,Bengkulu,2007,83385.00,3150.00,84.20,26.40,27117.00
Jagung,Bengkulu,2008,111826.00,3396.00,84.20,26.30,35661.00
Jagung,Bengkulu,2009,93798.00,3850.00,84.10,26.50,28205.00
Jagung,Bengkulu,2010,74331.00,3822.00,84.00,26.80,20516.00
Jagung,Bengkulu,2011,87362.00,2465.70,82.52,26.35,22215.00
Jagung,Bengkulu,2012,103771.00,2545.00,82.00,26.90,22653.00
Jagung,Bengkulu,2013,93988.00,3980.90,83.93,26.70,18257.00
Jagung,Bengkulu,2014,72756.00,3323.00,83.70,26.90,15643.00
Jagung,Bengkulu,2015,52785.00,2668.90,83.20,27.00,10137.00
Jagung,Bengkulu,2016,133902.00,3350.10,83.38,26.77,12321.00
Jagung,Bengkulu,2017,148090.00,3949.80,84.20,26.52,14116.00
Ubi Kayu,Bengkulu,1993,85987.00,4150.00,85.50,25.95,8760.00
Ubi Kayu,Bengkulu,1994,74960.00,2043.00,85.32,25.68,6923.00
Ubi Kayu,Bengkulu,1995,90774.00,4478.00,85.49,26.12,8095.00
Ubi Kayu,Bengkulu,1996,105587.00,3931.00,85.96,25.66,9217.00
Ubi Kayu,Bengkulu,1997,99854.00,1167.00,84.00,25.84,8791.00
Ubi Kayu,Bengkulu,1998,124064.00,4114.00,85.34,26.40,11051.00
Ubi Kayu,Bengkulu,1999,95420.00,3084.00,84.72,25.81,8550.00
Ubi Kayu,Bengkulu,2000,92643.00,3254.00,84.73,24.22,8249.00
Ubi Kayu,Bengkulu,2001,73566.00,3010.00,70.15,26.80,6459.00
Ubi Kayu,Bengkulu,2002,81390.00,3076.00,67.98,28.50,7186.00
Ubi Kayu,Bengkulu,2003,82945.00,3030.00,70.30,29.50,7194.00
Ubi Kayu,Bengkulu,2004,59659.00,3277.00,84.28,29.70,5118.00
Ubi Kayu,Bengkulu,2005,79934.00,3375.20,84.70,25.70,6856.00
Ubi Kayu,Bengkulu,2006,113488.00,2313.80,83.30,26.10,9761.00
Ubi Kayu,Bengkulu,2007,76924.00,3150.00,84.20,26.40,6614.00
Ubi Kayu,Bengkulu,2008,49478.00,3396.00,84.20,26.30,4231.00
Ubi Kayu,Bengkulu,2009,37311.00,3850.00,84.10,26.50,3199.00
Ubi Kayu,Bengkulu,2010,43847.00,3822.00,84.00,26.80,3714.00
Ubi Kayu,Bengkulu,2011,47735.00,2465.70,82.52,26.35,4047.00
Ubi Kayu,Bengkulu,2012,57618.00,2545.00,82.00,26.90,4571.00
Ubi Kayu,Bengkulu,2013,62193.00,3980.90,83.93,26.70,4861.00
Ubi Kayu,Bengkulu,2014,78853.00,3323.00,83.70,26.90,4496.00
Ubi Kayu,Bengkulu,2015,80309.00,2668.90,83.20,27.00,3573.00
Ubi Kayu,Bengkulu,2016,70539.00,3350.10,83.38,26.77,2776.00
Ubi Kayu,Bengkulu,2017,64644.00,3949.80,84.20,26.52,2708.00
Ubi Jalar,Bengkulu,1993,89922.00,4150.00,85.50,25.95,9877.00
Ubi Jalar,Bengkulu,1994,85143.00,2043.00,85.32,25.68,9248.00
Ubi Jalar,Bengkulu,1995,84170.00,4478.00,85.49,26.12,9229.00
Ubi Jalar,Bengkulu,1996,116900.00,3931.00,85.96,25.66,12588.00
Ubi Jalar,Bengkulu,1997,125010.00,1167.00,84.00,25.84,2250.00
Ubi Jalar,Bengkulu,1998,93054.00,4114.00,85.34,26.40,10058.00
Ubi Jalar,Bengkulu,1999,70911.00,3084.00,84.72,25.81,7648.00
Ubi Jalar,Bengkulu,2000,64313.00,3254.00,84.73,24.22,7004.00
Ubi Jalar,Bengkulu,2001,58752.00,3010.00,70.15,26.80,6353.00
Ubi Jalar,Bengkulu,2002,62689.00,3076.00,67.98,28.50,6720.00
Ubi Jalar,Bengkulu,2003,54741.00,3030.00,70.30,29.50,5783.00
Ubi Jalar,Bengkulu,2004,35368.00,3277.00,84.28,29.70,3711.00
Ubi Jalar,Bengkulu,2005,45921.00,3375.20,84.70,25.70,4818.00
Ubi Jalar,Bengkulu,2006,51184.00,2313.80,83.30,26.10,5366.00
Ubi Jalar,Bengkulu,2007,32131.00,3150.00,84.20,26.40,3372.00
Ubi Jalar,Bengkulu,2008,30682.00,3396.00,84.20,26.30,3217.00
Ubi Jalar,Bengkulu,2009,20930.00,3850.00,84.10,26.50,2197.00
Ubi Jalar,Bengkulu,2010,27840.00,3822.00,84.00,26.80,2900.00
Ubi Jalar,Bengkulu,2011,26445.00,2465.70,82.52,26.35,2734.00
Ubi Jalar,Bengkulu,2012,37271.00,2545.00,82.00,26.90,3855.00
Ubi Jalar,Bengkulu,2013,31672.00,3980.90,83.93,26.70,3277.00
Ubi Jalar,Bengkulu,2014,52251.00,3323.00,83.70,26.90,3931.00
Ubi Jalar,Bengkulu,2015,38841.00,2668.90,83.20,27.00,2950.00
Ubi Jalar,Bengkulu,2016,30233.00,3350.10,83.38,26.77,2035.00
Ubi Jalar,Bengkulu,2017,41132.00,3949.80,84.20,26.52,2630.00
Kacang Tanah,Bengkulu,1993,8594.00,4150.00,85.50,25.95,8770.00
Kacang Tanah,Bengkulu,1994,6861.00,2043.00,85.32,25.68,8002.00
Kacang Tanah,Bengkulu,1995,8920.00,4478.00,85.49,26.12,9616.00
Kacang Tanah,Bengkulu,1996,8740.00,3931.00,85.96,25.66,9221.00
Kacang Tanah,Bengkulu,1997,9215.00,1167.00,84.00,25.84,9522.00
Kacang Tanah,Bengkulu,1998,7824.00,4114.00,85.34,26.40,8147.00
Kacang Tanah,Bengkulu,1999,6156.00,3084.00,84.72,25.81,6216.00
Kacang Tanah,Bengkulu,2000,5628.00,3254.00,84.73,24.22,5722.00
Kacang Tanah,Bengkulu,2001,5472.00,3010.00,70.15,26.80,5545.00
Kacang Tanah,Bengkulu,2002,6035.00,3076.00,67.98,28.50,6233.00
Kacang Tanah,Bengkulu,2003,6040.00,3030.00,70.30,29.50,6239.00
Kacang Tanah,Bengkulu,2004,5814.00,3277.00,84.28,29.70,5852.00
Kacang Tanah,Bengkulu,2005,6800.00,3375.20,84.70,25.70,6844.00
Kacang Tanah,Bengkulu,2006,7038.00,2313.80,83.30,26.10,7128.00
Kacang Tanah,Bengkulu,2007,5430.00,3150.00,84.20,26.40,5477.00
Kacang Tanah,Bengkulu,2008,4585.00,3396.00,84.20,26.30,4622.00
Kacang Tanah,Bengkulu,2009,3472.00,3850.00,84.10,26.50,3499.00
Kacang Tanah,Bengkulu,2010,7253.00,3822.00,84.00,26.80,7030.00
Kacang Tanah,Bengkulu,2011,6444.00,2465.70,82.52,26.35,6384.00
Kacang Tanah,Bengkulu,2012,5802.00,2545.00,82.00,26.90,5403.00
Kacang Tanah,Bengkulu,2013,4679.00,3980.90,83.93,26.70,4370.00
Kacang Tanah,Bengkulu,2014,4612.00,3323.00,83.70,26.90,4535.00
Kacang Tanah,Bengkulu,2015,3630.00,2668.90,83.20,27.00,2971.00
Kacang Tanah,Bengkulu,2016,2058.00,3350.10,83.38,26.77,2132.00
Kacang Tanah,Bengkulu,2017,1925.00,3949.80,84.20,26.52,1896.00
Kedelai,Bengkulu,1993,13590.00,4150.00,85.50,25.95,15417.00
Kedelai,Bengkulu,1994,11723.00,2043.00,85.32,25.68,13535.00
Kedelai,Bengkulu,1995,12671.00,4478.00,85.49,26.12,13871.00
Kedelai,Bengkulu,1996,8122.00,3931.00,85.96,25.66,8733.00
Kedelai,Bengkulu,1997,8809.00,1167.00,84.00,25.84,9242.00
Kedelai,Bengkulu,1998,8411.00,4114.00,85.34,26.40,8833.00
Kedelai,Bengkulu,1999,4617.00,3084.00,84.72,25.81,5394.00
Kedelai,Bengkulu,2000,3059.00,3254.00,84.73,24.22,3249.00
Kedelai,Bengkulu,2001,1395.00,3010.00,70.15,26.80,1505.00
Kedelai,Bengkulu,2002,1919.00,3076.00,67.98,28.50,2055.00
Kedelai,Bengkulu,2003,2083.00,3030.00,70.30,29.50,2309.00
Kedelai,Bengkulu,2004,3053.00,3277.00,84.28,29.70,3309.00
Kedelai,Bengkulu,2005,2522.00,3375.20,84.70,25.70,2725.00
Kedelai,Bengkulu,2006,1341.00,2313.80,83.30,26.10,1449.00
Kedelai,Bengkulu,2007,1747.00,3150.00,84.20,26.40,1880.00
Kedelai,Bengkulu,2008,2316.00,3396.00,84.20,26.30,2487.00
Kedelai,Bengkulu,2009,5323.00,3850.00,84.10,26.50,5605.00
Kedelai,Bengkulu,2010,2719.00,3822.00,84.00,26.80,2654.00
Kedelai,Bengkulu,2011,3458.00,2465.70,82.52,26.35,3425.00
Kedelai,Bengkulu,2012,2316.00,2545.00,82.00,26.90,2253.00
Kedelai,Bengkulu,2013,3987.00,3980.90,83.93,26.70,3720.00
Kedelai,Bengkulu,2014,5715.00,3323.00,83.70,26.90,5375.00
Kedelai,Bengkulu,2015,5388.00,2668.90,83.20,27.00,4235.00
Kedelai,Bengkulu,2016,4664.00,3350.10,83.38,26.77,4002.00
Kedelai,Bengkulu,2017,413.00,3949.80,84.20,26.52,491.00
Jagung,Lampung,1993,579141.00,2306.70,84.82,26.41,252827.00
Jagung,Lampung,1994,563069.00,2034.20,77.51,25.73,249581.00
Jagung,Lampung,1995,843177.00,3039.40,82.81,26.43,363678.00
Jagung,Lampung,1996,938395.00,1934.90,82.61,26.27,403264.00
Jagung,Lampung,1997,1080691.00,1253.30,78.46,26.68,359058.00
Jagung,Lampung,1998,1111832.00,2584.90,84.07,26.95,374840.00
Jagung,Lampung,1999,1176489.00,2364.70,83.46,26.24,399827.00
Jagung,Lampung,2000,1122954.00,1488.50,82.86,28.20,382401.00
Jagung,Lampung,2001,1122886.00,2013.10,77.83,26.71,378251.00
Jagung,Lampung,2002,989223.00,2143.50,75.84,27.50,320057.00
Jagung,Lampung,2003,1087751.00,1682.20,68.71,29.67,330852.00
Jagung,Lampung,2004,1216974.00,2042.90,81.47,29.66,364842.00
Jagung,Lampung,2005,1439000.00,1612.80,79.60,26.59,411629.00
Jagung,Lampung,2006,1183982.00,560.30,74.60,26.18,33264.00
Jagung,Lampung,2007,1346821.00,1941.40,75.90,27.60,369971.00
Jagung,Lampung,2008,1809886.00,1940.10,79.00,26.40,387549.00
Jagung,Lampung,2009,2067710.00,1789.00,79.10,26.70,434542.00
Jagung,Lampung,2010,2126571.00,2710.00,82.30,26.70,447509.00
Jagung,Lampung,2011,1817906.00,1568.00,77.80,26.80,380917.00
Jagung,Lampung,2012,1760275.00,1685.00,79.20,26.80,360264.00
Jagung,Lampung,2013,1760278.00,2456.70,81.00,26.70,346315.00
Jagung,Lampung,2014,1719386.00,1682.50,79.90,25.80,338885.00
Jagung,Lampung,2015,1502800.00,1628.10,78.90,27.10,293521.00
Jagung,Lampung,2016,1720196.00,2317.60,79.40,26.45,174457.00
Jagung,Lampung,2017,2518895.00,1825.10,77.04,26.36,244898.00
Ubi Kayu,Lampung,1993,2894298.00,2306.70,84.82,26.41,214689.00
Ubi Kayu,Lampung,1994,2095109.00,2034.20,77.51,25.73,175422.00
Ubi Kayu,Lampung,1995,2267741.00,3039.40,82.81,26.43,193062.00
Ubi Kayu,Lampung,1996,2898667.00,1934.90,82.61,26.27,257417.00
Ubi Kayu,Lampung,1997,1609661.00,1253.30,78.46,26.68,143861.00
Ubi Kayu,Lampung,1998,1951590.00,2584.90,84.07,26.95,174745.00
Ubi Kayu,Lampung,1999,3028605.00,2364.70,83.46,26.24,264178.00
Ubi Kayu,Lampung,2000,2924418.00,1488.50,82.86,28.20,258029.00
Ubi Kayu,Lampung,2001,3584225.00,2013.10,77.83,26.71,316979.00
Ubi Kayu,Lampung,2002,3471136.00,2143.50,75.84,27.50,295156.00
Ubi Kayu,Lampung,2003,4984616.00,1682.20,68.71,29.67,298989.00
Ubi Kayu,Lampung,2004,4673091.00,2042.90,81.47,29.66,266586.00
Ubi Kayu,Lampung,2005,4806254.00,1612.80,79.60,26.59,252984.00
Ubi Kayu,Lampung,2006,5499403.00,560.30,74.60,26.18,283430.00
Ubi Kayu,Lampung,2007,6394906.00,1941.40,75.90,27.60,316806.00
Ubi Kayu,Lampung,2008,7721882.00,1940.10,79.00,26.40,318969.00
Ubi Kayu,Lampung,2009,7569178.00,1789.00,79.10,26.70,309047.00
Ubi Kayu,Lampung,2010,8637594.00,2710.00,82.30,26.70,346217.00
Ubi Kayu,Lampung,2011,9193676.00,1568.00,77.80,26.80,368096.00
Ubi Kayu,Lampung,2012,8387351.00,1685.00,79.20,26.80,324749.00
Ubi Kayu,Lampung,2013,8329201.00,2456.70,81.00,26.70,318107.00
Ubi Kayu,Lampung,2014,8034016.00,1682.50,79.90,25.80,304468.00
Ubi Kayu,Lampung,2015,7387084.00,1628.10,78.90,27.10,279337.00
Ubi Kayu,Lampung,2016,6481382.00,2317.60,79.40,26.45,247571.00
Ubi Kayu,Lampung,2017,5451312.00,1825.10,77.04,26.36,208662.00
Ubi Jalar,Lampung,1993,49067.00,2306.70,84.82,26.41,5124.00
Ubi Jalar,Lampung,1994,38675.00,2034.20,77.51,25.73,4012.00
Ubi Jalar,Lampung,1995,56824.00,3039.40,82.81,26.43,6065.00
Ubi Jalar,Lampung,1996,65915.00,1934.90,82.61,26.27,6718.00
Ubi Jalar,Lampung,1997,34843.00,1253.30,78.46,26.68,5462.00
Ubi Jalar,Lampung,1998,59422.00,2584.90,84.07,26.95,6315.00
Ubi Jalar,Lampung,1999,40559.00,2364.70,83.46,26.24,4231.00
Ubi Jalar,Lampung,2000,43246.00,1488.50,82.86,28.20,4485.00
Ubi Jalar,Lampung,2001,42207.00,2013.10,77.83,26.71,4380.00
Ubi Jalar,Lampung,2002,39498.00,2143.50,75.84,27.50,4113.00
Ubi Jalar,Lampung,2003,41082.00,1682.20,68.71,29.67,4267.00
Ubi Jalar,Lampung,2004,45769.00,2042.90,81.47,29.66,4745.00
Ubi Jalar,Lampung,2005,44602.00,1612.80,79.60,26.59,4617.00
Ubi Jalar,Lampung,2006,42586.00,560.30,74.60,26.18,4400.00
Ubi Jalar,Lampung,2007,46772.00,1941.40,75.90,27.60,4813.00
Ubi Jalar,Lampung,2008,48191.00,1940.10,79.00,26.40,4953.00
Ubi Jalar,Lampung,2009,45041.00,1789.00,79.10,26.70,4626.00
Ubi Jalar,Lampung,2010,44920.00,2710.00,82.30,26.70,4612.00
Ubi Jalar,Lampung,2011,47239.00,1568.00,77.80,26.80,4848.00
Ubi Jalar,Lampung,2012,47408.00,1685.00,79.20,26.80,4849.00
Ubi Jalar,Lampung,2013,45141.00,2456.70,81.00,26.70,4630.00
Ubi Jalar,Lampung,2014,42000.00,1682.50,79.90,25.80,4309.00
Ubi Jalar,Lampung,2015,28494.00,1628.10,78.90,27.10,2958.00
Ubi Jalar,Lampung,2016,23603.00,2317.60,79.40,26.45,2441.00
Ubi Jalar,Lampung,2017,21306.00,1825.10,77.04,26.36,1866.00
Kacang Tanah,Lampung,1993,12123.00,2306.70,84.82,26.41,10820.00
Kacang Tanah,Lampung,1994,10294.00,2034.20,77.51,25.73,9801.00
Kacang Tanah,Lampung,1995,20470.00,3039.40,82.81,26.43,16947.00
Kacang Tanah,Lampung,1996,16314.00,1934.90,82.61,26.27,14524.00
Kacang Tanah,Lampung,1997,10061.00,1253.30,78.46,26.68,8542.00
Kacang Tanah,Lampung,1998,13007.00,2584.90,84.07,26.95,12390.00
Kacang Tanah,Lampung,1999,7467.00,2364.70,83.46,26.24,6956.00
Kacang Tanah,Lampung,2000,9532.00,1488.50,82.86,28.20,9163.00
Kacang Tanah,Lampung,2001,14022.00,2013.10,77.83,26.71,12250.00
Kacang Tanah,Lampung,2002,9331.00,2143.50,75.84,27.50,8414.00
Kacang Tanah,Lampung,2003,12032.00,1682.20,68.71,29.67,10921.00
Kacang Tanah,Lampung,2004,11423.00,2042.90,81.47,29.66,10464.00
Kacang Tanah,Lampung,2005,11634.00,1612.80,79.60,26.59,10857.00
Kacang Tanah,Lampung,2006,11888.00,560.30,74.60,26.18,10127.00
Kacang Tanah,Lampung,2007,12756.00,1941.40,75.90,27.60,10698.00
Kacang Tanah,Lampung,2008,13088.00,1940.10,79.00,26.40,10316.00
Kacang Tanah,Lampung,2009,11090.00,1789.00,79.10,26.70,8667.00
Kacang Tanah,Lampung,2010,17617.00,2710.00,82.30,26.70,13967.00
Kacang Tanah,Lampung,2011,12911.00,1568.00,77.80,26.80,10148.00
Kacang Tanah,Lampung,2012,10694.00,1685.00,79.20,26.80,8420.00
Kacang Tanah,Lampung,2013,10676.00,2456.70,81.00,26.70,8305.00
Kacang Tanah,Lampung,2014,9951.00,1682.50,79.90,25.80,7651.00
Kacang Tanah,Lampung,2015,4963.00,1628.10,78.90,27.10,3764.00
Kacang Tanah,Lampung,2016,4842.00,2317.60,79.40,26.45,3646.00
Kacang Tanah,Lampung,2017,4401.00,1825.10,77.04,26.36,3247.00
Kedelai,Lampung,1993,126204.00,2306.70,84.82,26.41,124881.00
Kedelai,Lampung,1994,110380.00,2034.20,77.51,25.73,106991.00
Kedelai,Lampung,1995,183566.00,3039.40,82.81,26.43,177553.00
Kedelai,Lampung,1996,92730.00,1934.90,82.61,26.27,89323.00
Kedelai,Lampung,1997,31914.00,1253.30,78.46,26.68,30700.00
Kedelai,Lampung,1998,43008.00,2584.90,84.07,26.95,41427.00
Kedelai,Lampung,1999,53848.00,2364.70,83.46,26.24,50472.00
Kedelai,Lampung,2000,22457.00,1488.50,82.86,28.20,24066.00
Kedelai,Lampung,2001,12391.00,2013.10,77.83,26.71,12176.00
Kedelai,Lampung,2002,6032.00,2143.50,75.84,27.50,6020.00
Kedelai,Lampung,2003,4360.00,1682.20,68.71,29.67,4231.00
Kedelai,Lampung,2004,5388.00,2042.90,81.47,29.66,5139.00
Kedelai,Lampung,2005,4699.00,1612.80,79.60,26.59,4110.00
Kedelai,Lampung,2006,3594.00,560.30,74.60,26.18,3158.00
Kedelai,Lampung,2007,3396.00,1941.40,75.90,27.60,3008.00
Kedelai,Lampung,2008,6678.00,1940.10,79.00,26.40,5658.00
Kedelai,Lampung,2009,16153.00,1789.00,79.10,26.70,13518.00
Kedelai,Lampung,2010,7325.00,2710.00,82.30,26.70,6195.00
Kedelai,Lampung,2011,10984.00,1568.00,77.80,26.80,9232.00
Kedelai,Lampung,2012,7993.00,1685.00,79.20,26.80,6708.00
Kedelai,Lampung,2013,6156.00,2456.70,81.00,26.70,4986.00
Kedelai,Lampung,2014,13777.00,1682.50,79.90,25.80,11362.00
Kedelai,Lampung,2015,9815.00,1628.10,78.90,27.10,8407.00
Kedelai,Lampung,2016,9960.00,2317.60,79.40,26.45,8181.00
Kedelai,Lampung,2017,8027.00,1825.10,77.04,26.36,5944.00
